{
  "generatedAt": "2026-03-08T19:48:34.213Z",
  "maxProbes": 6000,
  "probesEvaluated": 6000,
  "ambiguityGapThreshold": 0.06,
  "modes": [
    {
      "modeName": "open_context",
      "baseline": {
        "samples": 6000,
        "top1_rate": 23.016666666666666,
        "top3_rate": 32.85,
        "top5_rate": 37.8,
        "mrr": 0.2954616402116395,
        "miss_rate": 54.016666666666666,
        "semantic_top1_rate": 55.36666666666667,
        "semantic_coverage": 6000,
        "syllable_divergence_mae": 0.49433333333333335,
        "syllable_within_1_rate": 89.68333333333334,
        "avg_top_gap": 0.04333776686236256,
        "latency_ms_mean": 6.767468216666704,
        "latency_ms_p50": 4.810199999999895,
        "latency_ms_p95": 15.76820000000589
      },
      "upgraded": {
        "samples": 6000,
        "top1_rate": 29.599999999999998,
        "top3_rate": 39.35,
        "top5_rate": 44.166666666666664,
        "mrr": 0.36113935185185103,
        "miss_rate": 47.5,
        "semantic_top1_rate": 59.416666666666664,
        "semantic_coverage": 6000,
        "syllable_divergence_mae": 0.44116666666666665,
        "syllable_within_1_rate": 90.9,
        "avg_top_gap": 0.0504611908191274,
        "latency_ms_mean": 7.2248696499999845,
        "latency_ms_p50": 5.093399999999747,
        "latency_ms_p95": 16.957300000000032
      },
      "baselineAmbiguous": {
        "samples": 4438,
        "top1_rate": 17.26002703920685,
        "top3_rate": 26.926543488057685,
        "top5_rate": 32.51464623704371,
        "mrr": 0.23970829130811122,
        "miss_rate": 58.15682739972961,
        "semantic_top1_rate": 52.25326723749437,
        "semantic_coverage": 4438,
        "syllable_divergence_mae": 0.5488958990536278,
        "syllable_within_1_rate": 88.10274898602974,
        "avg_top_gap": 0.018450635254754145,
        "latency_ms_mean": 6.965700630914846,
        "latency_ms_p50": 4.794800000003306,
        "latency_ms_p95": 16.272299999996903
      },
      "upgradedAmbiguous": {
        "samples": 4438,
        "top1_rate": 26.1604326273096,
        "top3_rate": 35.714285714285715,
        "top5_rate": 41.12212708427219,
        "mrr": 0.3285019528316055,
        "miss_rate": 49.34655250112663,
        "semantic_top1_rate": 57.72870662460568,
        "semantic_coverage": 4438,
        "syllable_divergence_mae": 0.47701667417755744,
        "syllable_within_1_rate": 89.74763406940063,
        "avg_top_gap": 0.02808122194709078,
        "latency_ms_mean": 7.3478910319963795,
        "latency_ms_p50": 5.125299999999697,
        "latency_ms_p95": 17.333499999993364
      }
    },
    {
      "modeName": "typed_prefix",
      "baseline": {
        "samples": 6000,
        "top1_rate": 43.43333333333334,
        "top3_rate": 65.58333333333334,
        "top5_rate": 76.76666666666667,
        "mrr": 0.5736840608465612,
        "miss_rate": 11.200000000000001,
        "semantic_top1_rate": 72.85000000000001,
        "semantic_coverage": 6000,
        "syllable_divergence_mae": 0.33816666666666667,
        "syllable_within_1_rate": 93.89999999999999,
        "avg_top_gap": 0.06300645297251506,
        "latency_ms_mean": 5.39388436666635,
        "latency_ms_p50": 1.4808000000193715,
        "latency_ms_p95": 16.702799999999115
      },
      "upgraded": {
        "samples": 6000,
        "top1_rate": 51.849999999999994,
        "top3_rate": 71.15,
        "top5_rate": 80.7,
        "mrr": 0.6380733465608475,
        "miss_rate": 9.950000000000001,
        "semantic_top1_rate": 76.73333333333333,
        "semantic_coverage": 6000,
        "syllable_divergence_mae": 0.2861666666666667,
        "syllable_within_1_rate": 95,
        "avg_top_gap": 0.06668182718366758,
        "latency_ms_mean": 5.5500161000000805,
        "latency_ms_p50": 1.3325000000040745,
        "latency_ms_p95": 17.08759999999893
      },
      "baselineAmbiguous": {
        "samples": 3913,
        "top1_rate": 30.94812164579606,
        "top3_rate": 57.55175057500639,
        "top5_rate": 71.24968055200614,
        "mrr": 0.4770279369947133,
        "miss_rate": 13.87682085356504,
        "semantic_top1_rate": 67.18630207002299,
        "semantic_coverage": 3913,
        "syllable_divergence_mae": 0.41451571684129823,
        "syllable_within_1_rate": 92.56325070278558,
        "avg_top_gap": 0.022468403019044604,
        "latency_ms_mean": 5.6362244313822165,
        "latency_ms_p50": 1.589300000021467,
        "latency_ms_p95": 16.83410000000731
      },
      "upgradedAmbiguous": {
        "samples": 3913,
        "top1_rate": 43.85382059800664,
        "top3_rate": 66.0874009711219,
        "top5_rate": 77.28085867620752,
        "mrr": 0.5757592721047866,
        "miss_rate": 11.960132890365449,
        "semantic_top1_rate": 73.1408126756964,
        "semantic_coverage": 3913,
        "syllable_divergence_mae": 0.3347814975721952,
        "syllable_within_1_rate": 94.24993611040122,
        "avg_top_gap": 0.0281040394276607,
        "latency_ms_mean": 5.734383593151157,
        "latency_ms_p50": 1.5242999999900348,
        "latency_ms_p95": 17.663000000000466
      }
    }
  ]
}